{
  "config/tsup.config.ts": 1746737903.9957163,
  "config/vite.config.ts": 1745871470.361866,
  "src/index.ts": 1745407035.5543282,
  "src/types/types.ts": 1756982980.0392175,
  "src/types/index.ts": 1744186467.5271828,
  "src/constants/appArguments.ts": 1756982980.0331888,
  "src/constants/constants.ts": 1759392652.4291186,
  "src/constants/index.ts": 1745222617.1455824,
  "src/features/dataFederation.ts": 1759680239.8963182,
  "src/features/googleSheetService.ts": 1769956575.1823592,
  "src/features/main.ts": 1757093051.454145,
  "src/features/parseAirTransactions.ts": 1776012848.3461027,
  "src/features/fetchEmailAttachment.ts": 1757001388.1817658,
  "src/features/fetchFioTransactions.ts": 1759680239.896736,
  "src/features/index.ts": 1756982980.036108,
  "src/features/labelTransactions.ts": 1756982980.0365264,
  "src/features/createEmailBody.ts": 1756982980.0338228,
  "src/utils/date.ts": 1756982980.039601,
  "src/utils/currency.ts": 1756982980.0394523,
  "src/utils/utils.ts": 1756982980.0398529,
  "src/utils/index.ts": 1756982980.0397267,
  "src/integrationTests/testRunner.ts": 1756982980.0382383,
  "src/integrationTests/integrationTestCases.ts": 1756982980.0378156,
  "src/integrationTests/integrationTestsMain.ts": 1746737904.02298,
  "src/integrationTests/getTestsSubset.test.ts": 1757089293.0207565,
  "src/integrationTests/index.ts": 1746993928.697684,
  "src/integrationTests/getTestsSubset.ts": 1746993928.697351,
  "LICENSE.md": 1743673962.414753,
  "email-body.txt": 1776013294.37299,
  "private-notes.md": 1769956394.421005,
  "CHANGELOG.md": 1757093051.4522696,
  "2DO.md": 1776012918.5841,
  "README.md": 1771687377.874808,
  "src/static/prompts/expenses.template.txt": 1741704657.4247477,
  "src/static/prompts/generic-prompt.txt": 1769961046.723129,
  "src/static/prompts/expenses.txt": 1768141167.447843,
  "src/static/prompts/incomes.txt": 1747341346.162668,
  "src/static/prompts/incomes.template.txt": 1741704685.9597318,
  "src/static/images/overview.png": 1757093051.4577608
}